model,rmse,c_index
BG/NBD,232.1455078125,0.7189508805701145
DeepSurv,361.1077880859375,0.9363813448771288
